,ACC,TPR,FPR,PPV,AUC_roc,AUC_pr
0,0.6866666666666666,0.6866666666666666,0.43711229946524066,0.6729999999999999,0.6247771836007131,0.8372727272727272
